{"cameraMode":{"drawMode":0,"name":"Shaded","section":"Shading Mode"},"sceneLighting":true,"audioPlay":false,"sceneViewState":{"m_AlwaysRefresh":false,"showFog":true,"showSkybox":true,"showFlares":true,"showImageEffects":true,"showParticleSystems":true,"showVisualEffectGraphs":true,"m_FxEnabled":true},"in2DMode":false,"pivot":{"x":3.539316177368164,"y":-163.05575561523438,"z":64.2042236328125},"rotation":{"x":0.42421287298202517,"y":0.07726379483938217,"z":-0.03636184334754944,"w":0.9015329480171204},"size":141.42135620117188,"orthographic":false}