{"cameraMode":{"drawMode":0,"name":"Shaded","section":"Shading Mode"},"sceneLighting":true,"audioPlay":false,"sceneViewState":{"m_AlwaysRefresh":false,"showFog":true,"showSkybox":true,"showFlares":true,"showImageEffects":true,"showParticleSystems":true,"showVisualEffectGraphs":true,"m_FxEnabled":true},"in2DMode":false,"pivot":{"x":-26.062341690063478,"y":-75.33905029296875,"z":194.60720825195313},"rotation":{"x":0.20288509130477906,"y":0.008523676544427872,"z":-0.0017282370245084167,"w":0.9791865944862366},"size":150.54884338378907,"orthographic":false}