{"cameraMode":{"drawMode":0,"name":"Shaded","section":"Shading Mode"},"sceneLighting":false,"audioPlay":false,"sceneViewState":{"m_AlwaysRefresh":false,"showFog":true,"showSkybox":false,"showFlares":true,"showImageEffects":true,"showParticleSystems":true,"showVisualEffectGraphs":true,"m_FxEnabled":true},"in2DMode":false,"pivot":{"x":1.6479493379592896,"y":-0.23055599629878999,"z":-0.17476612329483033},"rotation":{"x":0.0033299028873443605,"y":0.9966025948524475,"z":-0.05117972940206528,"w":0.06468365341424942},"size":1.41858971118927,"orthographic":false}