{"cameraMode":{"drawMode":0,"name":"Shaded","section":"Shading Mode"},"sceneLighting":false,"audioPlay":false,"sceneViewState":{"m_AlwaysRefresh":false,"showFog":true,"showSkybox":false,"showFlares":true,"showImageEffects":true,"showParticleSystems":true,"showVisualEffectGraphs":true,"m_FxEnabled":true},"in2DMode":false,"pivot":{"x":0.23703759908676148,"y":0.171051025390625,"z":0.17322909832000733},"rotation":{"x":0.20599737763404847,"y":0.2251976728439331,"z":-0.04879101738333702,"w":0.951052188873291},"size":2.9102821350097658,"orthographic":false}