{"cameraMode":{"drawMode":0,"name":"Shaded","section":"Shading Mode"},"sceneLighting":true,"audioPlay":false,"sceneViewState":{"m_AlwaysRefresh":false,"showFog":true,"showSkybox":true,"showFlares":true,"showImageEffects":true,"showParticleSystems":true,"showVisualEffectGraphs":true,"m_FxEnabled":true},"in2DMode":false,"pivot":{"x":-13.730151176452637,"y":1.8610386848449708,"z":4.732204914093018},"rotation":{"x":0.01635788194835186,"y":0.9762721657752991,"z":-0.20075689256191255,"w":0.07954736799001694},"size":1.4297358989715577,"orthographic":false}