{"cameraMode":{"drawMode":0,"name":"Shaded","section":"Shading Mode"},"sceneLighting":false,"audioPlay":false,"sceneViewState":{"m_AlwaysRefresh":false,"showFog":true,"showSkybox":false,"showFlares":true,"showImageEffects":true,"showParticleSystems":true,"showVisualEffectGraphs":true,"m_FxEnabled":true},"in2DMode":false,"pivot":{"x":-18.94622230529785,"y":-9.302120208740235,"z":15.049803733825684},"rotation":{"x":0.05301468446850777,"y":-0.7076463103294373,"z":0.053386058658361438,"w":0.7025693655014038},"size":12.401327133178711,"orthographic":false}