{"cameraMode":{"drawMode":0,"name":"Shaded","section":"Shading Mode"},"sceneLighting":false,"audioPlay":false,"sceneViewState":{"m_AlwaysRefresh":false,"showFog":true,"showSkybox":false,"showFlares":true,"showImageEffects":true,"showParticleSystems":true,"showVisualEffectGraphs":true,"m_FxEnabled":true},"in2DMode":false,"pivot":{"x":-10.182144165039063,"y":29.376359939575197,"z":210.43902587890626},"rotation":{"x":0.030541885644197465,"y":-0.9684898853302002,"z":0.15265195071697236,"w":0.19462452828884126},"size":1.0329607725143433,"orthographic":false}