{"cameraMode":{"drawMode":0,"name":"Shaded","section":"Shading Mode"},"sceneLighting":false,"audioPlay":false,"sceneViewState":{"m_AlwaysRefresh":false,"showFog":true,"showSkybox":false,"showFlares":true,"showImageEffects":true,"showParticleSystems":true,"showVisualEffectGraphs":true,"m_FxEnabled":true},"in2DMode":false,"pivot":{"x":0.001127004623413086,"y":1.573593020439148,"z":-0.03571444749832153},"rotation":{"x":-0.007929022423923016,"y":0.9920479655265808,"z":0.08471968024969101,"w":0.09283162653446198},"size":2.5032272338867189,"orthographic":false}