{"cameraMode":{"drawMode":0,"name":"Shaded","section":"Shading Mode"},"sceneLighting":false,"audioPlay":false,"sceneViewState":{"m_AlwaysRefresh":false,"showFog":true,"showSkybox":false,"showFlares":true,"showImageEffects":true,"showParticleSystems":true,"showVisualEffectGraphs":true,"m_FxEnabled":true},"in2DMode":false,"pivot":{"x":-14.803853988647461,"y":0.8596602082252502,"z":-2.1780178546905519},"rotation":{"x":0.11104146391153336,"y":0.8644212484359741,"z":-0.21870701014995576,"w":0.43887969851493838},"size":1.1237608194351197,"orthographic":false}