{"cameraMode":{"drawMode":0,"name":"Shaded","section":"Shading Mode"},"sceneLighting":false,"audioPlay":false,"sceneViewState":{"m_AlwaysRefresh":false,"showFog":true,"showSkybox":false,"showFlares":true,"showImageEffects":true,"showParticleSystems":true,"showVisualEffectGraphs":true,"m_FxEnabled":true},"in2DMode":false,"pivot":{"x":2.904216766357422,"y":1.419479250907898,"z":-0.048776376992464069},"rotation":{"x":-0.21120060980319978,"y":-0.06680040806531906,"z":0.014469316229224205,"w":-0.9750503301620483},"size":1.2398558855056763,"orthographic":false}