{"cameraMode":{"drawMode":0,"name":"Shaded","section":"Shading Mode"},"sceneLighting":false,"audioPlay":false,"sceneViewState":{"m_AlwaysRefresh":false,"showFog":true,"showSkybox":false,"showFlares":true,"showImageEffects":true,"showParticleSystems":true,"showVisualEffectGraphs":true,"m_FxEnabled":true},"in2DMode":false,"pivot":{"x":0.009555220603942871,"y":1.2986271381378174,"z":0.10052388906478882},"rotation":{"x":0.09907181560993195,"y":0.8414989113807678,"z":-0.16516372561454774,"w":0.504763662815094},"size":1.5607821941375733,"orthographic":false}